<?xml version="1.0" encoding="UTF-8"?>

<beans xmlns="http://www.springframework.org/schema/beans"
	xmlns:xsi="http://www.w3.org/2001/XMLSchema-instance" xmlns:mvc="http://www.springframework.org/schema/mvc"
	xmlns:context="http://www.springframework.org/schema/context"
	xsi:schemaLocation="http://www.springframework.org/schema/mvc http://www.springframework.org/schema/mvc/spring-mvc.xsd
		http://www.springframework.org/schema/beans http://www.springframework.org/schema/beans/spring-beans.xsd
		http://www.springframework.org/schema/context http://www.springframework.org/schema/context/spring-context.xsd">

	<!-- Uncomment and your base-package here: <context:component-scan base-package="org.springframework.samples.web"/> -->
	<context:component-scan base-package="controller" />
	<mvc:annotation-driven />
	<bean id="dataSource"
		class="org.springframework.jdbc.datasource.DriverManagerDataSource">
		<property name="driverClassName" value="com.mysql.jdbc.Driver" />
		<property name="url" value="jdbc:mysql://localhost:3306/empdb" />
		<property name="username" value="root" />
		<property name="password" value="root" />
	</bean>
	<bean id="sessionFactory"
		class="org.springframework.orm.hibernate4.LocalSessionFactoryBean">
		<property name="dataSource" ref="dataSource" />
		<property name="annotatedClasses">
			<list>
				<value>controller.Employee</value>
			</list>
		</property>
		<property name="hibernateProperties">
			<props>
				<prop key="hibernate.dialect">org.hibernate.dialect.MySQLDialect</prop>
				<prop key="hibernate.show_sql">true</prop>
			</props>
		</property>
	</bean>
	<bean id="transactionManager"
		class="org.springframework.orm.hibernate5.HibernateTransactionManager">
		<property name="sessionFactory" ref="sessionFactory" />
	</bean>
	<bean id="empDao" class="controller.EmployeeDaoImpl">
		<property name="sessionFactory" ref="sessionFactory" />
	</bean>
	<bean id="empService" class="controller.EmployeeServiceImpl">
		<property name="empDao" ref="empDao" />
	</bean>
	<bean
		class="org.springframework.web.servlet.view.InternalResourceViewResolver">
		<!-- Example: a logical view name of 'showMessage' is mapped to '/WEB-INF/jsp/showMessage.jsp' -->
		<property name="prefix" value="/WEB-INF/view/" />
		<property name="suffix" value=".jsp" />
	</bean>

</beans>
